Run,ICIR
1,0.39918873488771783
2,0.5376391373585405
3,0.5715389655852282
4,0.5341417450203859
5,0.5373464964610016
6,0.5619848351197788
7,0.6007324949160153
8,0.5954783575217233
9,0.6029836471610207
10,0.6009002906012315
